{"stats":{"minecraft:custom":{"minecraft:interact_with_furnace":15,"minecraft:mob_kills":11,"minecraft:interact_with_crafting_table":10,"minecraft:open_barrel":5,"minecraft:leave_game":2,"minecraft:time_since_death":2293,"minecraft:sleep_in_bed":3,"minecraft:climb_one_cm":3341,"minecraft:time_since_rest":2143,"minecraft:sprint_one_cm":125113,"minecraft:damage_taken":2131,"minecraft:walk_one_cm":275045,"minecraft:drop":17,"minecraft:damage_dealt":1764,"minecraft:swim_one_cm":2050,"minecraft:talked_to_villager":4,"minecraft:fly_one_cm":52054,"minecraft:open_chest":1,"minecraft:crouch_one_cm":6919,"minecraft:play_time":135964,"tombstone:undead_killed":3,"minecraft:deaths":7,"minecraft:sneak_time":2099,"minecraft:walk_under_water_one_cm":2722,"minecraft:jump":1018,"minecraft:interact_with_brewingstand":1,"minecraft:walk_on_water_one_cm":3612,"minecraft:fall_one_cm":15798,"minecraft:total_world_time":135964},"minecraft:broken":{"minecraft:stone_pickaxe":2,"minecraft:wooden_pickaxe":1},"minecraft:used":{"minecraft:cooked_mutton":4,"minecraft:stone_pickaxe":279,"minecraft:wooden_pickaxe":59,"minecraft:torch":2,"minecraft:dirt":14,"minecraft:crafting_table":2,"minecraft:jungle_planks":23,"minecraft:white_bed":4,"minecraft:jungle_sapling":1,"minecraft:wooden_axe":28,"minecraft:apple":2,"minecraft:stone_axe":96,"minecraft:cobblestone":22,"minecraft:furnace":3,"minecraft:cooked_beef":1,"alexsmobs:animal_dictionary":1,"tombstone:gift":2},"minecraft:killed_by":{"minecraft:husk":4,"minecraft:illusioner":2},"minecraft:mined":{"minecraft:polished_granite_slab":1,"minecraft:spruce_planks":1,"minecraft:white_bed":3,"minecraft:cyan_terracotta":9,"minecraft:brown_carpet":6,"minecraft:jungle_leaves":3,"minecraft:crafting_table":1,"minecraft:grass_block":8,"minecraft:decorated_pot":1,"minecraft:jungle_planks":39,"minecraft:jungle_log":16,"minecraft:spruce_wall_sign":1,"minecraft:copper_ore":2,"minecraft:cobblestone":4,"minecraft:moss_block":1,"minecraft:rooted_dirt":66,"minecraft:iron_ore":10,"minecraft:grass":2,"minecraft:coal_ore":41,"minecraft:vine":3,"minecraft:iron_bars":1,"minecraft:cherry_leaves":1,"minecraft:dirt":9,"minecraft:terracotta":2,"minecraft:bamboo":3,"minecraft:stone":214,"minecraft:deepslate":3,"minecraft:oak_leaves":2,"minecraft:spruce_slab":6,"minecraft:fern":2},"minecraft:crafted":{"minecraft:cooked_beef":4,"minecraft:crafting_table":1,"minecraft:wooden_pickaxe":1,"minecraft:furnace":3,"minecraft:stone_axe":2,"minecraft:cooked_mutton":8,"minecraft:air":0,"minecraft:jungle_planks":124,"minecraft:stick":20,"minecraft:iron_ingot":11,"minecraft:stone_pickaxe":3,"minecraft:wooden_axe":1,"minecraft:white_bed":1},"minecraft:picked_up":{"minecraft:crafting_table":1,"minecraft:flower_pot":1,"minecraft:jungle_log":31,"minecraft:leather":3,"friendsandfoes:totem_of_illusion":1,"minecraft:danger_pottery_sherd":1,"minecraft:brick":3,"minecraft:dirt":15,"minecraft:string":1,"minecraft:raw_copper":2,"minecraft:cooked_mutton":1,"minecraft:apple":2,"minecraft:cobbled_deepslate":2,"minecraft:spore_blossom":1,"minecraft:spruce_planks":2,"minecraft:beef":4,"minecraft:jungle_sapling":2,"minecraft:spruce_slab":4,"minecraft:bamboo":7,"minecraft:moss_block":2,"minecraft:stick":1,"minecraft:raw_iron":11,"minecraft:torch":2,"minecraft:jungle_planks":35,"tombstone:grave_dust":1,"minecraft:white_bed":3,"alexsmobs:animal_dictionary":1,"minecraft:brown_carpet":5,"minecraft:polished_granite_slab":1,"minecraft:glow_berries":1,"minecraft:cyan_terracotta":9,"alexsmobs:maggot":2,"minecraft:spruce_sign":1,"minecraft:emerald":1,"minecraft:terracotta":2,"minecraft:rooted_dirt":24,"minecraft:oak_sapling":1,"minecraft:mutton":7,"minecraft:iron_bars":2,"minecraft:coal":42,"minecraft:white_wool":5,"minecraft:cobblestone":185},"minecraft:killed":{"minecraft:husk":2,"minecraft:sheep":4,"alexsmobs:flutter":1,"minecraft:zombie":1,"minecraft:cow":2},"minecraft:dropped":{"minecraft:spruce_sign":1,"alexsmobs:maggot":2,"minecraft:wheat_seeds":1,"alexsmobs:animal_dictionary":1,"minecraft:cobbled_deepslate":2,"minecraft:cobblestone":34,"minecraft:rooted_dirt":19,"minecraft:cooked_mutton":5,"friendsandfoes:totem_of_illusion":1,"tombstone:grave_dust":2,"minecraft:brown_carpet":5,"minecraft:spruce_slab":4,"minecraft:iron_bars":2}},"DataVersion":3465}