{"stats":{"minecraft:killed":{"minecraft:sheep":4,"minecraft:zombie":1,"minecraft:cow":2},"minecraft:custom":{"minecraft:interact_with_furnace":10,"minecraft:mob_kills":7,"minecraft:interact_with_crafting_table":7,"minecraft:open_barrel":4,"minecraft:leave_game":1,"minecraft:time_since_death":31305,"minecraft:sleep_in_bed":1,"minecraft:climb_one_cm":3111,"minecraft:time_since_rest":30776,"minecraft:sprint_one_cm":92094,"minecraft:damage_taken":870,"minecraft:walk_one_cm":190297,"minecraft:drop":6,"minecraft:damage_dealt":777,"minecraft:talked_to_villager":4,"minecraft:fly_one_cm":30688,"minecraft:open_chest":1,"minecraft:crouch_one_cm":5675,"minecraft:play_time":112097,"tombstone:undead_killed":1,"minecraft:deaths":3,"minecraft:sneak_time":1570,"minecraft:walk_under_water_one_cm":652,"minecraft:jump":518,"minecraft:interact_with_brewingstand":1,"minecraft:walk_on_water_one_cm":1885,"minecraft:total_world_time":112097,"minecraft:fall_one_cm":12353},"minecraft:crafted":{"minecraft:wooden_pickaxe":1,"minecraft:furnace":2,"minecraft:stone_axe":1,"minecraft:cooked_mutton":8,"minecraft:air":0,"minecraft:jungle_planks":124,"minecraft:stick":20,"minecraft:iron_ingot":11,"minecraft:stone_pickaxe":2,"minecraft:wooden_axe":1,"minecraft:white_bed":1},"minecraft:killed_by":{"minecraft:illusioner":2},"minecraft:mined":{"minecraft:polished_granite_slab":1,"minecraft:spruce_planks":1,"minecraft:white_bed":2,"minecraft:cyan_terracotta":8,"minecraft:brown_carpet":6,"minecraft:jungle_leaves":2,"minecraft:grass_block":6,"minecraft:decorated_pot":1,"minecraft:jungle_planks":39,"minecraft:jungle_log":16,"minecraft:spruce_wall_sign":1,"minecraft:copper_ore":1,"minecraft:moss_block":1,"minecraft:rooted_dirt":61,"minecraft:iron_ore":10,"minecraft:grass":1,"minecraft:coal_ore":41,"minecraft:vine":2,"minecraft:iron_bars":1,"minecraft:dirt":7,"minecraft:deepslate":3,"minecraft:terracotta":2,"minecraft:bamboo":3,"minecraft:stone":205,"minecraft:oak_leaves":2,"minecraft:spruce_slab":6},"minecraft:dropped":{"alexsmobs:maggot":2,"minecraft:cobblestone":34,"minecraft:rooted_dirt":19,"friendsandfoes:totem_of_illusion":1,"tombstone:grave_dust":2,"minecraft:iron_bars":2},"minecraft:used":{"minecraft:stone_pickaxe":263,"minecraft:wooden_pickaxe":59,"minecraft:torch":2,"minecraft:dirt":1,"minecraft:jungle_planks":23,"minecraft:white_bed":2,"minecraft:jungle_sapling":1,"minecraft:wooden_axe":24,"minecraft:apple":2,"minecraft:stone_axe":53,"minecraft:cobblestone":1,"minecraft:furnace":2,"tombstone:gift":2,"alexsmobs:animal_dictionary":1},"minecraft:picked_up":{"minecraft:flower_pot":1,"minecraft:jungle_log":31,"minecraft:leather":3,"friendsandfoes:totem_of_illusion":1,"minecraft:danger_pottery_sherd":1,"minecraft:brick":3,"minecraft:dirt":11,"minecraft:string":1,"minecraft:apple":2,"minecraft:cobbled_deepslate":2,"minecraft:spruce_planks":2,"minecraft:beef":4,"minecraft:jungle_sapling":2,"minecraft:spruce_slab":4,"minecraft:bamboo":7,"minecraft:moss_block":2,"minecraft:stick":1,"minecraft:raw_iron":11,"minecraft:torch":2,"minecraft:jungle_planks":35,"tombstone:grave_dust":1,"minecraft:white_bed":2,"minecraft:brown_carpet":5,"minecraft:polished_granite_slab":1,"minecraft:cyan_terracotta":8,"minecraft:spruce_sign":1,"minecraft:emerald":1,"minecraft:rooted_dirt":19,"alexsmobs:maggot":2,"minecraft:terracotta":2,"minecraft:coal":42,"minecraft:oak_sapling":1,"minecraft:mutton":7,"minecraft:iron_bars":2,"minecraft:white_wool":5,"minecraft:cobblestone":172},"minecraft:broken":{"minecraft:stone_pickaxe":2,"minecraft:wooden_pickaxe":1}},"DataVersion":3465}