{"stats":{"minecraft:custom":{"minecraft:interact_with_furnace":14,"minecraft:mob_kills":8,"minecraft:interact_with_crafting_table":8,"minecraft:open_barrel":4,"minecraft:leave_game":1,"minecraft:time_since_death":37359,"minecraft:sleep_in_bed":1,"minecraft:climb_one_cm":3111,"minecraft:time_since_rest":36830,"minecraft:sprint_one_cm":94587,"minecraft:damage_taken":886,"minecraft:walk_one_cm":211113,"minecraft:drop":17,"minecraft:damage_dealt":857,"minecraft:talked_to_villager":4,"minecraft:fly_one_cm":31220,"minecraft:open_chest":1,"minecraft:crouch_one_cm":5675,"minecraft:play_time":118151,"tombstone:undead_killed":1,"minecraft:deaths":3,"minecraft:sneak_time":1570,"minecraft:walk_under_water_one_cm":2696,"minecraft:jump":679,"minecraft:interact_with_brewingstand":1,"minecraft:walk_on_water_one_cm":2731,"minecraft:fall_one_cm":12664,"minecraft:total_world_time":118151},"minecraft:broken":{"minecraft:stone_pickaxe":2,"minecraft:wooden_pickaxe":1},"minecraft:used":{"minecraft:cooked_mutton":1,"minecraft:stone_pickaxe":265,"minecraft:wooden_pickaxe":59,"minecraft:torch":2,"minecraft:dirt":1,"minecraft:crafting_table":1,"minecraft:jungle_planks":23,"minecraft:white_bed":2,"minecraft:jungle_sapling":1,"minecraft:wooden_axe":24,"minecraft:apple":2,"minecraft:stone_axe":55,"minecraft:cobblestone":1,"minecraft:furnace":2,"alexsmobs:animal_dictionary":1,"tombstone:gift":2},"minecraft:killed_by":{"minecraft:illusioner":2},"minecraft:mined":{"minecraft:polished_granite_slab":1,"minecraft:spruce_planks":1,"minecraft:white_bed":2,"minecraft:cyan_terracotta":8,"minecraft:brown_carpet":6,"minecraft:jungle_leaves":2,"minecraft:crafting_table":1,"minecraft:grass_block":6,"minecraft:decorated_pot":1,"minecraft:jungle_planks":39,"minecraft:jungle_log":16,"minecraft:spruce_wall_sign":1,"minecraft:copper_ore":2,"minecraft:moss_block":1,"minecraft:rooted_dirt":61,"minecraft:iron_ore":10,"minecraft:grass":1,"minecraft:coal_ore":41,"minecraft:vine":2,"minecraft:iron_bars":1,"minecraft:dirt":7,"minecraft:terracotta":2,"minecraft:bamboo":3,"minecraft:stone":206,"minecraft:deepslate":3,"minecraft:oak_leaves":2,"minecraft:spruce_slab":6},"minecraft:crafted":{"minecraft:cooked_beef":4,"minecraft:crafting_table":1,"minecraft:wooden_pickaxe":1,"minecraft:furnace":2,"minecraft:stone_axe":1,"minecraft:cooked_mutton":8,"minecraft:air":0,"minecraft:jungle_planks":124,"minecraft:stick":20,"minecraft:iron_ingot":11,"minecraft:stone_pickaxe":3,"minecraft:wooden_axe":1,"minecraft:white_bed":1},"minecraft:picked_up":{"minecraft:crafting_table":1,"minecraft:flower_pot":1,"minecraft:jungle_log":31,"minecraft:leather":3,"friendsandfoes:totem_of_illusion":1,"minecraft:danger_pottery_sherd":1,"minecraft:brick":3,"minecraft:dirt":11,"minecraft:string":1,"minecraft:raw_copper":2,"minecraft:cooked_mutton":1,"minecraft:apple":2,"minecraft:cobbled_deepslate":2,"minecraft:spore_blossom":1,"minecraft:spruce_planks":2,"minecraft:beef":4,"minecraft:jungle_sapling":2,"minecraft:spruce_slab":4,"minecraft:bamboo":7,"minecraft:moss_block":2,"minecraft:stick":1,"minecraft:raw_iron":11,"minecraft:torch":2,"minecraft:jungle_planks":35,"tombstone:grave_dust":1,"minecraft:white_bed":2,"alexsmobs:animal_dictionary":1,"minecraft:brown_carpet":5,"minecraft:polished_granite_slab":1,"minecraft:glow_berries":1,"minecraft:cyan_terracotta":8,"alexsmobs:maggot":2,"minecraft:spruce_sign":1,"minecraft:emerald":1,"minecraft:terracotta":2,"minecraft:rooted_dirt":19,"minecraft:oak_sapling":1,"minecraft:mutton":7,"minecraft:iron_bars":2,"minecraft:coal":42,"minecraft:white_wool":5,"minecraft:cobblestone":173},"minecraft:killed":{"minecraft:sheep":4,"alexsmobs:flutter":1,"minecraft:zombie":1,"minecraft:cow":2},"minecraft:dropped":{"minecraft:spruce_sign":1,"alexsmobs:maggot":2,"minecraft:wheat_seeds":1,"alexsmobs:animal_dictionary":1,"minecraft:cobbled_deepslate":2,"minecraft:cobblestone":34,"minecraft:rooted_dirt":19,"minecraft:cooked_mutton":5,"friendsandfoes:totem_of_illusion":1,"tombstone:grave_dust":2,"minecraft:brown_carpet":5,"minecraft:spruce_slab":4,"minecraft:iron_bars":2}},"DataVersion":3465}