{"stats":{"minecraft:killed":{"minecraft:sheep":4,"minecraft:zombie":1,"minecraft:cow":2},"minecraft:custom":{"minecraft:mob_kills":7,"minecraft:interact_with_crafting_table":4,"minecraft:open_barrel":4,"minecraft:leave_game":1,"minecraft:time_since_death":3012,"minecraft:sleep_in_bed":1,"minecraft:climb_one_cm":3111,"minecraft:time_since_rest":2483,"minecraft:sprint_one_cm":52708,"minecraft:damage_taken":810,"minecraft:walk_one_cm":108710,"minecraft:drop":1,"minecraft:damage_dealt":777,"minecraft:talked_to_villager":4,"minecraft:fly_one_cm":24114,"minecraft:open_chest":1,"minecraft:crouch_one_cm":5180,"minecraft:play_time":83804,"tombstone:undead_killed":1,"minecraft:deaths":3,"minecraft:sneak_time":1318,"minecraft:walk_under_water_one_cm":652,"minecraft:jump":366,"minecraft:interact_with_brewingstand":1,"minecraft:walk_on_water_one_cm":775,"minecraft:total_world_time":83804,"minecraft:fall_one_cm":10979},"minecraft:crafted":{"minecraft:wooden_pickaxe":1,"minecraft:stone_axe":1,"minecraft:jungle_planks":124,"minecraft:stick":20,"minecraft:stone_pickaxe":1,"minecraft:wooden_axe":1,"minecraft:white_bed":1},"minecraft:killed_by":{"minecraft:illusioner":2},"minecraft:mined":{"minecraft:polished_granite_slab":1,"minecraft:spruce_planks":1,"minecraft:white_bed":1,"minecraft:brown_carpet":6,"minecraft:jungle_leaves":2,"minecraft:grass_block":5,"minecraft:decorated_pot":1,"minecraft:jungle_planks":39,"minecraft:jungle_log":16,"minecraft:spruce_wall_sign":1,"minecraft:iron_ore":2,"minecraft:grass":1,"minecraft:coal_ore":39,"minecraft:vine":2,"minecraft:iron_bars":1,"minecraft:dirt":7,"minecraft:terracotta":2,"minecraft:bamboo":3,"minecraft:stone":28,"minecraft:oak_leaves":2,"minecraft:spruce_slab":6},"minecraft:dropped":{"alexsmobs:maggot":2},"minecraft:used":{"minecraft:stone_pickaxe":68,"minecraft:wooden_pickaxe":7,"minecraft:dirt":1,"minecraft:jungle_planks":23,"minecraft:white_bed":2,"minecraft:wooden_axe":24,"minecraft:apple":2,"minecraft:stone_axe":51,"tombstone:gift":2,"alexsmobs:animal_dictionary":1},"minecraft:picked_up":{"minecraft:flower_pot":1,"minecraft:jungle_log":31,"minecraft:leather":3,"minecraft:danger_pottery_sherd":1,"minecraft:brick":3,"minecraft:dirt":10,"minecraft:string":1,"minecraft:apple":2,"minecraft:spruce_planks":2,"minecraft:beef":4,"minecraft:jungle_sapling":2,"minecraft:spruce_slab":4,"minecraft:bamboo":7,"minecraft:stick":1,"minecraft:raw_iron":2,"minecraft:jungle_planks":35,"minecraft:white_bed":1,"minecraft:brown_carpet":5,"minecraft:polished_granite_slab":1,"minecraft:spruce_sign":1,"alexsmobs:maggot":2,"minecraft:terracotta":2,"minecraft:coal":39,"minecraft:oak_sapling":1,"minecraft:mutton":7,"minecraft:iron_bars":2,"minecraft:white_wool":5,"minecraft:cobblestone":28}},"DataVersion":3465}