{"stats":{"minecraft:custom":{"minecraft:time_since_rest":57407,"minecraft:sprint_one_cm":12865,"minecraft:damage_taken":555,"minecraft:walk_one_cm":47696,"minecraft:drop":1,"minecraft:interact_with_crafting_table":3,"minecraft:fly_one_cm":14375,"minecraft:crouch_one_cm":4825,"minecraft:play_time":71804,"minecraft:deaths":2,"minecraft:sneak_time":1269,"minecraft:walk_under_water_one_cm":652,"minecraft:jump":253,"minecraft:leave_game":1,"minecraft:walk_on_water_one_cm":775,"minecraft:time_since_death":58689,"minecraft:climb_one_cm":2438,"minecraft:total_world_time":71804,"minecraft:fall_one_cm":8355},"minecraft:crafted":{"minecraft:stick":20,"minecraft:wooden_pickaxe":1,"minecraft:stone_pickaxe":1,"minecraft:wooden_axe":1,"minecraft:stone_axe":1,"minecraft:jungle_planks":124},"minecraft:killed_by":{"minecraft:illusioner":1},"minecraft:mined":{"minecraft:polished_granite_slab":1,"minecraft:iron_ore":2,"minecraft:jungle_leaves":2,"minecraft:grass":1,"minecraft:grass_block":5,"minecraft:coal_ore":39,"minecraft:decorated_pot":1,"minecraft:jungle_planks":28,"minecraft:vine":2,"minecraft:jungle_log":16,"minecraft:dirt":6,"minecraft:bamboo":3,"minecraft:terracotta":2,"minecraft:stone":28,"minecraft:oak_leaves":2},"minecraft:dropped":{"alexsmobs:maggot":2},"minecraft:used":{"minecraft:wooden_axe":13,"minecraft:apple":2,"minecraft:stone_pickaxe":66,"minecraft:wooden_pickaxe":7,"minecraft:stone_axe":25,"minecraft:dirt":1,"minecraft:jungle_planks":23,"alexsmobs:animal_dictionary":1,"tombstone:gift":2},"minecraft:picked_up":{"minecraft:stick":1,"minecraft:raw_iron":2,"minecraft:jungle_log":31,"minecraft:jungle_planks":23,"minecraft:danger_pottery_sherd":1,"minecraft:brick":3,"minecraft:dirt":9,"minecraft:apple":2,"minecraft:polished_granite_slab":1,"minecraft:jungle_sapling":2,"minecraft:terracotta":2,"alexsmobs:maggot":2,"minecraft:bamboo":7,"minecraft:oak_sapling":1,"minecraft:coal":39,"minecraft:cobblestone":28}},"DataVersion":3465}