{"stats":{"minecraft:custom":{"minecraft:time_since_rest":11458,"minecraft:interact_with_furnace":1,"minecraft:crouch_one_cm":49,"minecraft:play_time":11458,"minecraft:sprint_one_cm":24179,"minecraft:damage_taken":240,"minecraft:walk_one_cm":20233,"minecraft:sneak_time":6,"minecraft:walk_under_water_one_cm":2400,"minecraft:drop":1,"minecraft:jump":220,"minecraft:damage_dealt":46,"minecraft:time_since_death":11458,"minecraft:walk_on_water_one_cm":2842,"minecraft:total_world_time":11458,"minecraft:climb_one_cm":1237,"minecraft:interact_with_crafting_table":1,"minecraft:swim_one_cm":1789,"minecraft:fall_one_cm":6138,"minecraft:fly_one_cm":26066},"minecraft:used":{"minecraft:cooked_mutton":1,"minecraft:dead_bush":1,"minecraft:sweet_berries":6,"minecraft:stone_pickaxe":1,"alexsmobs:animal_dictionary":2},"minecraft:mined":{"minecraft:grass":2,"minecraft:deepslate_iron_ore":1,"minecraft:tall_grass":1,"minecraft:clay":1},"minecraft:crafted":{"minecraft:jungle_planks":42},"minecraft:picked_up":{"minecraft:raw_iron":1,"minecraft:cooked_mutton":2,"minecraft:clay_ball":4,"minecraft:sweet_berries":4,"minecraft:jungle_log":11,"minecraft:torch":1,"minecraft:acacia_log":26,"minecraft:stone_pickaxe":1,"minecraft:dead_bush":1,"alexsmobs:animal_dictionary":1},"minecraft:dropped":{"alexsmobs:animal_dictionary":1}},"DataVersion":3465}