{"stats":{"minecraft:mined":{"minecraft:hay_block":1,"minecraft:potted_cactus":1,"minecraft:dead_bush":1},"minecraft:used":{"minecraft:flower_pot":1,"minecraft:bread":3,"tombstone:magic_scroll":6,"minecraft:iron_sword":49,"minecraft:rotten_flesh":1,"alexsmobs:animal_dictionary":1},"minecraft:killed":{"minecraft:skeleton":6,"minecraft:zombie":3,"minecraft:zombie_villager":1,"minecraft:spider":1,"minecraft:creeper":5},"minecraft:crafted":{"minecraft:wheat":9},"minecraft:picked_up":{"minecraft:stick":1,"minecraft:flower_pot":1,"tombstone:grave_dust":2,"minecraft:gunpowder":7,"minecraft:string":1,"minecraft:bone":8,"minecraft:cactus":1,"minecraft:arrow":3,"minecraft:rotten_flesh":8,"minecraft:bow":1,"minecraft:hay_block":1,"tombstone:magic_scroll":2},"minecraft:custom":{"minecraft:time_since_rest":30582,"minecraft:sprint_one_cm":82618,"minecraft:damage_taken":320,"minecraft:walk_one_cm":99361,"minecraft:mob_kills":16,"minecraft:damage_dealt":2741,"minecraft:fly_one_cm":590982,"minecraft:open_chest":2,"minecraft:crouch_one_cm":2175,"minecraft:play_time":94777,"minecraft:deaths":1,"tombstone:undead_killed":10,"minecraft:sneak_time":467,"minecraft:pot_flower":1,"minecraft:jump":2424,"minecraft:interact_with_grindstone":1,"minecraft:leave_game":4,"minecraft:walk_on_water_one_cm":94,"minecraft:time_since_death":30716,"minecraft:climb_one_cm":961,"minecraft:total_world_time":94777,"minecraft:fall_one_cm":39215}},"DataVersion":3465}