{"stats":{"minecraft:custom":{"minecraft:interact_with_furnace":13,"minecraft:mob_kills":7,"tombstone:raider_killed":1,"minecraft:interact_with_crafting_table":10,"minecraft:open_barrel":3,"minecraft:damage_dealt_resisted":188,"minecraft:leave_game":4,"minecraft:time_since_death":42047,"minecraft:sleep_in_bed":1,"minecraft:climb_one_cm":8651,"minecraft:time_since_rest":75,"minecraft:sprint_one_cm":92055,"minecraft:damage_taken":1305,"minecraft:walk_one_cm":191455,"minecraft:drop":16,"minecraft:damage_dealt":751,"minecraft:swim_one_cm":7881,"minecraft:walk_under_water_one_cm":1142,"minecraft:fly_one_cm":123234,"minecraft:open_chest":7,"minecraft:crouch_one_cm":8866,"minecraft:play_time":144041,"tombstone:undead_killed":3,"minecraft:deaths":4,"minecraft:sneak_time":4719,"minecraft:jump":1781,"minecraft:walk_on_water_one_cm":3152,"minecraft:total_world_time":144041,"minecraft:fall_one_cm":36991},"minecraft:broken":{"minecraft:wooden_axe":1,"minecraft:wooden_pickaxe":1},"minecraft:used":{"minecraft:cooked_mutton":2,"minecraft:stone_sword":24,"minecraft:stone_pickaxe":47,"minecraft:wooden_pickaxe":59,"minecraft:rotten_flesh":1,"minecraft:dirt":10,"minecraft:crafting_table":7,"minecraft:jungle_planks":43,"minecraft:wooden_axe":63,"minecraft:cyan_terracotta":1,"minecraft:bread":2,"minecraft:rooted_dirt":10,"minecraft:birch_sapling":1,"minecraft:iron_pickaxe":12,"minecraft:stone_slab":1,"minecraft:stone_axe":140,"minecraft:bow":7,"minecraft:bamboo":2,"minecraft:brown_carpet":4,"minecraft:cobblestone":34,"minecraft:sweet_berries":2,"minecraft:purple_bed":2,"tombstone:gift":4,"alexsmobs:banana":3},"minecraft:killed_by":{"minecraft:spider":1,"minecraft:illusioner":3},"minecraft:mined":{"minecraft:spruce_planks":1,"minecraft:cyan_terracotta":1,"minecraft:deepslate_diamond_ore":3,"minecraft:brown_carpet":3,"minecraft:jungle_leaves":5,"minecraft:crafting_table":6,"minecraft:potted_dead_bush":1,"minecraft:cave_vines_plant":1,"minecraft:acacia_log":60,"minecraft:grass_block":3,"minecraft:jungle_planks":18,"minecraft:jungle_log":62,"minecraft:stone_slab":1,"minecraft:moss_block":2,"minecraft:rooted_dirt":6,"minecraft:purple_bed":2,"minecraft:birch_log":16,"minecraft:iron_ore":12,"minecraft:grass":18,"minecraft:vine":3,"minecraft:oak_log":16,"minecraft:coal_ore":24,"minecraft:cocoa":1,"minecraft:iron_bars":1,"minecraft:dirt":5,"minecraft:cobweb":7,"minecraft:bamboo":1,"minecraft:stone":60,"minecraft:oak_leaves":16,"minecraft:deepslate":15,"minecraft:fern":1},"minecraft:crafted":{"minecraft:oak_planks":16,"minecraft:crafting_table":1,"minecraft:wooden_pickaxe":1,"minecraft:stone_axe":2,"minecraft:air":0,"minecraft:jungle_planks":80,"minecraft:iron_ingot":3,"minecraft:iron_pickaxe":1,"minecraft:stone_pickaxe":1,"minecraft:wooden_axe":1,"minecraft:stone_sword":1,"minecraft:torch":4},"minecraft:picked_up":{"minecraft:birch_log":13,"minecraft:cocoa_beans":7,"minecraft:crafting_table":6,"minecraft:jungle_log":38,"alexsmobs:acacia_blossom":3,"minecraft:stone_slab":1,"friendsandfoes:totem_of_illusion":1,"minecraft:oak_log":22,"minecraft:dirt":10,"minecraft:string":5,"minecraft:raw_copper":2,"minecraft:cooked_mutton":2,"minecraft:apple":2,"minecraft:wheat_seeds":4,"alexsmobs:banana":2,"minecraft:jungle_sapling":6,"minecraft:azalea":5,"minecraft:spruce_slab":4,"minecraft:bamboo":7,"minecraft:birch_sapling":1,"minecraft:acacia_sapling":13,"minecraft:stick":20,"minecraft:raw_iron":11,"minecraft:acacia_log":51,"minecraft:jungle_planks":22,"minecraft:dead_bush":1,"minecraft:brown_carpet":4,"minecraft:purple_bed":2,"minecraft:rotten_flesh":1,"minecraft:diamond":3,"minecraft:cyan_terracotta":1,"minecraft:rooted_dirt":66,"tombstone:magic_scroll":2,"minecraft:oak_sapling":7,"minecraft:mutton":1,"minecraft:coal":23,"minecraft:white_wool":1,"minecraft:cobblestone":78},"minecraft:killed":{"minecraft:husk":1,"minecraft:sheep":1,"minecraft:zombie":2,"minecraft:illusioner":1},"minecraft:dropped":{"minecraft:stone_axe":1,"minecraft:sweet_berries":4,"minecraft:oak_log":7,"minecraft:raw_copper":2,"minecraft:apple":2,"minecraft:acacia_log":26,"tombstone:magic_scroll":1,"minecraft:torch":3,"minecraft:jungle_log":18,"minecraft:dead_bush":1,"minecraft:bamboo":5,"minecraft:stone_pickaxe":1,"minecraft:white_wool":1}},"DataVersion":3465}