{"stats":{"minecraft:killed":{"minecraft:zombie":2},"minecraft:custom":{"minecraft:time_since_rest":64621,"minecraft:sprint_one_cm":14577,"minecraft:damage_taken":770,"minecraft:walk_one_cm":41779,"minecraft:mob_kills":4,"minecraft:drop":4,"minecraft:damage_dealt":576,"minecraft:interact_with_crafting_table":5,"minecraft:fly_one_cm":31750,"minecraft:crouch_one_cm":3993,"minecraft:play_time":77924,"tombstone:undead_killed":2,"minecraft:deaths":2,"minecraft:sneak_time":2031,"minecraft:jump":562,"minecraft:damage_dealt_resisted":188,"minecraft:walk_on_water_one_cm":155,"minecraft:time_since_death":65425,"minecraft:climb_one_cm":2168,"minecraft:total_world_time":77924,"minecraft:fall_one_cm":12179},"minecraft:crafted":{"minecraft:oak_planks":16,"minecraft:crafting_table":1,"minecraft:wooden_pickaxe":1,"minecraft:wooden_axe":1,"minecraft:stone_sword":1,"minecraft:stone_axe":1,"minecraft:jungle_planks":80},"minecraft:killed_by":{"minecraft:spider":1,"minecraft:illusioner":1},"minecraft:mined":{"minecraft:birch_log":16,"minecraft:jungle_leaves":5,"minecraft:crafting_table":3,"minecraft:grass":12,"minecraft:acacia_log":60,"minecraft:jungle_planks":1,"minecraft:grass_block":3,"minecraft:oak_log":16,"minecraft:cocoa":1,"minecraft:vine":3,"minecraft:jungle_log":62,"minecraft:dirt":5,"minecraft:stone_slab":1,"minecraft:stone":31,"minecraft:oak_leaves":16,"minecraft:fern":1},"minecraft:dropped":{"minecraft:oak_log":7,"minecraft:jungle_log":7,"minecraft:apple":2},"minecraft:used":{"minecraft:wooden_axe":63,"minecraft:stone_sword":11,"minecraft:wooden_pickaxe":32,"minecraft:stone_axe":119,"minecraft:dirt":9,"minecraft:crafting_table":3,"minecraft:jungle_planks":32,"alexsmobs:banana":3},"minecraft:broken":{"minecraft:wooden_axe":1},"minecraft:picked_up":{"minecraft:birch_log":13,"minecraft:cocoa_beans":7,"minecraft:stick":20,"minecraft:crafting_table":3,"minecraft:jungle_log":38,"minecraft:stone_slab":1,"alexsmobs:acacia_blossom":3,"minecraft:acacia_log":51,"minecraft:jungle_planks":1,"minecraft:oak_log":22,"minecraft:dirt":10,"minecraft:apple":2,"minecraft:wheat_seeds":2,"alexsmobs:banana":2,"minecraft:azalea":5,"minecraft:jungle_sapling":6,"minecraft:oak_sapling":7,"minecraft:birch_sapling":1,"minecraft:acacia_sapling":13,"minecraft:cobblestone":31}},"DataVersion":3465}