{"stats":{"minecraft:killed":{"minecraft:sheep":1,"minecraft:husk":1,"minecraft:zombie":2},"minecraft:custom":{"minecraft:time_since_rest":81360,"minecraft:sprint_one_cm":24116,"minecraft:damage_taken":810,"minecraft:walk_one_cm":77948,"minecraft:mob_kills":6,"minecraft:drop":6,"minecraft:damage_dealt":686,"minecraft:interact_with_crafting_table":5,"minecraft:fly_one_cm":47462,"minecraft:crouch_one_cm":4795,"minecraft:play_time":94663,"tombstone:undead_killed":3,"minecraft:deaths":2,"minecraft:sneak_time":2721,"minecraft:jump":1062,"minecraft:damage_dealt_resisted":188,"minecraft:leave_game":1,"minecraft:walk_on_water_one_cm":1532,"minecraft:time_since_death":82164,"minecraft:climb_one_cm":7425,"minecraft:total_world_time":94663,"minecraft:fall_one_cm":24284},"minecraft:crafted":{"minecraft:oak_planks":16,"minecraft:crafting_table":1,"minecraft:wooden_pickaxe":1,"minecraft:wooden_axe":1,"minecraft:stone_sword":1,"minecraft:torch":4,"minecraft:stone_axe":1,"minecraft:jungle_planks":80},"minecraft:killed_by":{"minecraft:spider":1,"minecraft:illusioner":1},"minecraft:mined":{"minecraft:birch_log":16,"minecraft:jungle_leaves":5,"minecraft:crafting_table":3,"minecraft:coal_ore":1,"minecraft:grass":13,"minecraft:acacia_log":60,"minecraft:jungle_planks":16,"minecraft:grass_block":3,"minecraft:oak_log":16,"minecraft:cocoa":1,"minecraft:vine":3,"minecraft:jungle_log":62,"minecraft:dirt":5,"minecraft:stone_slab":1,"minecraft:bamboo":1,"minecraft:stone":31,"minecraft:oak_leaves":16,"minecraft:fern":1},"minecraft:dropped":{"minecraft:oak_log":7,"minecraft:jungle_log":7,"minecraft:bamboo":5,"minecraft:apple":2,"minecraft:white_wool":1},"minecraft:used":{"minecraft:wooden_axe":63,"minecraft:stone_sword":14,"minecraft:wooden_pickaxe":33,"minecraft:bamboo":2,"minecraft:stone_axe":134,"minecraft:dirt":9,"minecraft:crafting_table":4,"minecraft:jungle_planks":32,"alexsmobs:banana":3},"minecraft:broken":{"minecraft:wooden_axe":1},"minecraft:picked_up":{"minecraft:birch_log":13,"minecraft:cocoa_beans":7,"minecraft:stick":20,"minecraft:crafting_table":3,"minecraft:jungle_log":38,"minecraft:stone_slab":1,"alexsmobs:acacia_blossom":3,"minecraft:acacia_log":51,"minecraft:jungle_planks":21,"minecraft:oak_log":22,"minecraft:dirt":10,"minecraft:rotten_flesh":1,"minecraft:apple":2,"minecraft:wheat_seeds":2,"alexsmobs:banana":2,"minecraft:azalea":5,"minecraft:jungle_sapling":6,"minecraft:white_wool":1,"tombstone:magic_scroll":1,"minecraft:bamboo":7,"minecraft:oak_sapling":7,"minecraft:mutton":1,"minecraft:birch_sapling":1,"minecraft:coal":1,"minecraft:acacia_sapling":13,"minecraft:cobblestone":31}},"DataVersion":3465}