{"stats":{"minecraft:mined":{"minecraft:grass":2,"minecraft:oak_leaves":5},"minecraft:custom":{"minecraft:jump":674,"minecraft:open_chest":10,"minecraft:time_since_rest":29453,"minecraft:crouch_one_cm":266,"minecraft:leave_game":2,"minecraft:sprint_one_cm":65034,"minecraft:play_time":29453,"minecraft:walk_on_water_one_cm":85,"minecraft:time_since_death":29453,"minecraft:walk_one_cm":22405,"minecraft:sneak_time":189,"minecraft:total_world_time":29453,"minecraft:climb_one_cm":218,"minecraft:walk_under_water_one_cm":265,"minecraft:swim_one_cm":2524,"minecraft:talked_to_villager":6,"minecraft:fall_one_cm":209,"minecraft:fly_one_cm":521640},"minecraft:picked_up":{"minecraft:oak_sapling":1}},"DataVersion":3465}