{"stats":{"minecraft:killed":{"minecraft:husk":1,"minecraft:sheep":1,"minecraft:zombie":2,"minecraft:illusioner":1},"minecraft:custom":{"minecraft:interact_with_furnace":13,"minecraft:mob_kills":7,"tombstone:raider_killed":1,"minecraft:interact_with_crafting_table":10,"minecraft:open_barrel":3,"minecraft:damage_dealt_resisted":188,"minecraft:leave_game":2,"minecraft:time_since_death":27262,"minecraft:climb_one_cm":8474,"minecraft:time_since_rest":26974,"minecraft:sprint_one_cm":75630,"minecraft:damage_taken":1155,"minecraft:walk_one_cm":173860,"minecraft:drop":10,"minecraft:damage_dealt":736,"minecraft:fly_one_cm":97841,"minecraft:open_chest":7,"minecraft:crouch_one_cm":8504,"tombstone:undead_killed":3,"minecraft:play_time":129256,"minecraft:deaths":4,"minecraft:sneak_time":4232,"minecraft:jump":1475,"minecraft:walk_on_water_one_cm":1649,"minecraft:total_world_time":129256,"minecraft:fall_one_cm":32402},"minecraft:crafted":{"minecraft:oak_planks":16,"minecraft:crafting_table":1,"minecraft:wooden_pickaxe":1,"minecraft:stone_axe":2,"minecraft:air":0,"minecraft:jungle_planks":80,"minecraft:iron_ingot":3,"minecraft:iron_pickaxe":1,"minecraft:stone_pickaxe":1,"minecraft:wooden_axe":1,"minecraft:stone_sword":1,"minecraft:torch":4},"minecraft:killed_by":{"minecraft:spider":1,"minecraft:illusioner":3},"minecraft:mined":{"minecraft:spruce_planks":1,"minecraft:cyan_terracotta":1,"minecraft:deepslate_diamond_ore":1,"minecraft:brown_carpet":3,"minecraft:jungle_leaves":5,"minecraft:crafting_table":6,"minecraft:cave_vines_plant":1,"minecraft:potted_dead_bush":1,"minecraft:acacia_log":60,"minecraft:grass_block":3,"minecraft:jungle_planks":18,"minecraft:jungle_log":62,"minecraft:stone_slab":1,"minecraft:moss_block":2,"minecraft:rooted_dirt":5,"minecraft:purple_bed":2,"minecraft:iron_ore":4,"minecraft:birch_log":16,"minecraft:grass":17,"minecraft:oak_log":16,"minecraft:coal_ore":24,"minecraft:vine":3,"minecraft:cocoa":1,"minecraft:iron_bars":1,"minecraft:dirt":5,"minecraft:cobweb":7,"minecraft:bamboo":1,"minecraft:stone":60,"minecraft:deepslate":15,"minecraft:oak_leaves":16,"minecraft:fern":1},"minecraft:dropped":{"minecraft:stone_axe":1,"minecraft:oak_log":7,"minecraft:raw_copper":2,"minecraft:apple":2,"tombstone:magic_scroll":1,"minecraft:torch":2,"minecraft:jungle_log":7,"minecraft:bamboo":5,"minecraft:white_wool":1},"minecraft:used":{"minecraft:stone_sword":24,"minecraft:stone_pickaxe":47,"minecraft:wooden_pickaxe":59,"minecraft:rotten_flesh":1,"minecraft:dirt":10,"minecraft:crafting_table":7,"minecraft:jungle_planks":43,"minecraft:wooden_axe":63,"minecraft:cyan_terracotta":1,"minecraft:iron_pickaxe":1,"minecraft:rooted_dirt":10,"minecraft:bread":2,"minecraft:birch_sapling":1,"minecraft:stone_slab":1,"minecraft:bamboo":2,"minecraft:stone_axe":140,"minecraft:cobblestone":34,"minecraft:brown_carpet":4,"minecraft:bow":7,"minecraft:sweet_berries":2,"minecraft:purple_bed":1,"tombstone:gift":4,"alexsmobs:banana":3},"minecraft:broken":{"minecraft:wooden_axe":1,"minecraft:wooden_pickaxe":1},"minecraft:picked_up":{"minecraft:birch_log":13,"minecraft:cocoa_beans":7,"minecraft:crafting_table":6,"minecraft:jungle_log":38,"alexsmobs:acacia_blossom":3,"minecraft:stone_slab":1,"friendsandfoes:totem_of_illusion":1,"minecraft:oak_log":22,"minecraft:string":5,"minecraft:dirt":10,"minecraft:raw_copper":2,"minecraft:apple":2,"minecraft:wheat_seeds":4,"alexsmobs:banana":2,"minecraft:jungle_sapling":6,"minecraft:azalea":5,"minecraft:spruce_slab":4,"minecraft:bamboo":7,"minecraft:birch_sapling":1,"minecraft:acacia_sapling":13,"minecraft:stick":20,"minecraft:raw_iron":3,"minecraft:acacia_log":51,"minecraft:jungle_planks":22,"minecraft:dead_bush":1,"minecraft:diamond":1,"minecraft:purple_bed":2,"minecraft:brown_carpet":4,"minecraft:rotten_flesh":1,"minecraft:cyan_terracotta":1,"minecraft:rooted_dirt":65,"tombstone:magic_scroll":2,"minecraft:oak_sapling":7,"minecraft:mutton":1,"minecraft:coal":23,"minecraft:white_wool":1,"minecraft:cobblestone":78}},"DataVersion":3465}