{"stats":{"minecraft:killed":{"minecraft:husk":1,"minecraft:sheep":1,"minecraft:zombie":2},"minecraft:custom":{"minecraft:interact_with_furnace":1,"minecraft:mob_kills":6,"minecraft:interact_with_crafting_table":5,"minecraft:open_barrel":3,"minecraft:damage_dealt_resisted":188,"minecraft:leave_game":1,"minecraft:time_since_death":2976,"minecraft:climb_one_cm":8294,"minecraft:time_since_rest":2602,"minecraft:sprint_one_cm":40160,"minecraft:damage_taken":935,"minecraft:walk_one_cm":126003,"minecraft:drop":6,"minecraft:damage_dealt":736,"minecraft:fly_one_cm":62139,"minecraft:open_chest":4,"minecraft:crouch_one_cm":5448,"tombstone:undead_killed":3,"minecraft:play_time":101421,"minecraft:deaths":3,"minecraft:sneak_time":3123,"minecraft:jump":1158,"minecraft:walk_on_water_one_cm":1532,"minecraft:total_world_time":101421,"minecraft:fall_one_cm":24911},"minecraft:crafted":{"minecraft:oak_planks":16,"minecraft:crafting_table":1,"minecraft:wooden_pickaxe":1,"minecraft:stone_axe":1,"minecraft:jungle_planks":80,"minecraft:wooden_axe":1,"minecraft:stone_sword":1,"minecraft:torch":4},"minecraft:killed_by":{"minecraft:spider":1,"minecraft:illusioner":2},"minecraft:mined":{"minecraft:spruce_planks":1,"minecraft:brown_carpet":3,"minecraft:jungle_leaves":5,"minecraft:crafting_table":4,"minecraft:potted_dead_bush":1,"minecraft:acacia_log":60,"minecraft:grass_block":3,"minecraft:jungle_planks":17,"minecraft:jungle_log":62,"minecraft:stone_slab":1,"minecraft:birch_log":16,"minecraft:grass":17,"minecraft:oak_log":16,"minecraft:coal_ore":1,"minecraft:vine":3,"minecraft:cocoa":1,"minecraft:iron_bars":1,"minecraft:dirt":5,"minecraft:cobweb":7,"minecraft:bamboo":1,"minecraft:stone":31,"minecraft:oak_leaves":16,"minecraft:fern":1},"minecraft:dropped":{"minecraft:oak_log":7,"minecraft:apple":2,"minecraft:jungle_log":7,"minecraft:bamboo":5,"minecraft:white_wool":1},"minecraft:used":{"minecraft:stone_sword":24,"minecraft:wooden_pickaxe":34,"minecraft:rotten_flesh":1,"minecraft:dirt":9,"minecraft:crafting_table":4,"minecraft:jungle_planks":36,"minecraft:wooden_axe":63,"minecraft:bread":2,"minecraft:birch_sapling":1,"minecraft:bamboo":2,"minecraft:stone_axe":136,"minecraft:brown_carpet":4,"minecraft:bow":1,"alexsmobs:banana":3},"minecraft:broken":{"minecraft:wooden_axe":1},"minecraft:picked_up":{"minecraft:birch_log":13,"minecraft:cocoa_beans":7,"minecraft:crafting_table":4,"minecraft:jungle_log":38,"alexsmobs:acacia_blossom":3,"minecraft:stone_slab":1,"minecraft:oak_log":22,"minecraft:string":5,"minecraft:dirt":10,"minecraft:apple":2,"minecraft:wheat_seeds":4,"alexsmobs:banana":2,"minecraft:jungle_sapling":6,"minecraft:azalea":5,"minecraft:spruce_slab":4,"minecraft:bamboo":7,"minecraft:birch_sapling":1,"minecraft:acacia_sapling":13,"minecraft:stick":20,"minecraft:acacia_log":51,"minecraft:jungle_planks":21,"minecraft:dead_bush":1,"minecraft:brown_carpet":4,"minecraft:rotten_flesh":1,"tombstone:magic_scroll":1,"minecraft:oak_sapling":7,"minecraft:mutton":1,"minecraft:coal":1,"minecraft:white_wool":1,"minecraft:cobblestone":31}},"DataVersion":3465}