{"stats":{"minecraft:mined":{"minecraft:hay_block":1,"minecraft:potted_cactus":1,"minecraft:dead_bush":1},"minecraft:used":{"minecraft:flower_pot":1,"minecraft:bread":3,"tombstone:magic_scroll":6,"minecraft:zombie_spawn_egg":353,"minecraft:iron_sword":83,"minecraft:rotten_flesh":1,"alexsmobs:animal_dictionary":1},"minecraft:killed":{"minecraft:skeleton":6,"minecraft:zombie":14,"minecraft:zombie_villager":1,"minecraft:spider":1,"minecraft:creeper":5},"minecraft:picked_up":{"minecraft:stick":1,"minecraft:feather":1,"minecraft:chicken":1,"minecraft:flower_pot":1,"tombstone:grave_dust":4,"minecraft:gunpowder":7,"minecraft:string":1,"minecraft:bone":8,"minecraft:cactus":1,"minecraft:arrow":3,"minecraft:rotten_flesh":143,"minecraft:bow":1,"minecraft:hay_block":1,"tombstone:magic_scroll":3},"minecraft:custom":{"minecraft:time_since_rest":1116,"minecraft:sprint_one_cm":110625,"minecraft:damage_taken":320,"minecraft:walk_one_cm":111701,"minecraft:mob_kills":27,"minecraft:damage_dealt":4684,"minecraft:fly_one_cm":674485,"minecraft:open_chest":2,"minecraft:crouch_one_cm":2355,"minecraft:play_time":112988,"minecraft:deaths":2,"tombstone:undead_killed":21,"minecraft:sneak_time":521,"minecraft:pot_flower":1,"minecraft:jump":2745,"minecraft:interact_with_grindstone":1,"minecraft:leave_game":6,"minecraft:walk_on_water_one_cm":94,"minecraft:time_since_death":1324,"minecraft:climb_one_cm":961,"minecraft:total_world_time":112988,"minecraft:fall_one_cm":39215},"minecraft:crafted":{"minecraft:wheat":9}},"DataVersion":3465}